params,train_score,test_score,score_difference
"{'alpha': np.float64(2.6630863322751157), 'colsample_bytree': np.float64(0.6212352518173648), 'gamma': np.float64(1.3462161547469047), 'lambda': np.float64(1.8864208155231132), 'learning_rate': np.float64(0.014014239555545274), 'max_depth': 3, 'min_child_weight': 1, 'subsample': np.float64(0.6057240034982723)}",0.7247946293700108,0.688106166510107,0.03668846285990379
"{'alpha': np.float64(2.4625884690943196), 'colsample_bytree': np.float64(0.5976214938990223), 'gamma': np.float64(3.6122605763075266), 'lambda': np.float64(1.403861812204279), 'learning_rate': np.float64(0.014863193286290769), 'max_depth': 3, 'min_child_weight': 1, 'subsample': np.float64(0.9972752553986706)}",0.724737409609873,0.6793511226224058,0.04538628698746716
"{'alpha': np.float64(3.405197135484545), 'colsample_bytree': np.float64(0.618753235646235), 'gamma': np.float64(2.001114464360124), 'lambda': np.float64(2.3885744544011382), 'learning_rate': np.float64(0.026578264338670846), 'max_depth': 3, 'min_child_weight': 6, 'subsample': np.float64(0.718167915803278)}",0.744111938515371,0.6927696601376219,0.051342278377749184
"{'alpha': np.float64(1.092202186084168), 'colsample_bytree': np.float64(0.7082549739351831), 'gamma': np.float64(4.416401294594341), 'lambda': np.float64(1.62172510502637), 'learning_rate': np.float64(0.03441759094013467), 'max_depth': 3, 'min_child_weight': 7, 'subsample': np.float64(0.9534142207728771)}",0.7619347134690615,0.7012684846805023,0.06066622878855921
"{'alpha': np.float64(0.3324813368338875), 'colsample_bytree': np.float64(0.8705603246450295), 'gamma': np.float64(2.8723655658995595), 'lambda': np.float64(4.20914388379136), 'learning_rate': np.float64(0.0379544753252579), 'max_depth': 3, 'min_child_weight': 5, 'subsample': np.float64(0.6008136600238723)}",0.7725247840184609,0.7062612081095196,0.06626357590894127
"{'alpha': np.float64(3.0910903165813055), 'colsample_bytree': np.float64(0.5505613380613952), 'gamma': np.float64(0.42053403057498717), 'lambda': np.float64(3.5048456572955997), 'learning_rate': np.float64(0.024552601272838707), 'max_depth': 4, 'min_child_weight': 2, 'subsample': np.float64(0.5406743903209499)}",0.7850168409193401,0.7138382245468049,0.0711786163725352
"{'alpha': np.float64(2.424149856794916), 'colsample_bytree': np.float64(0.8462180164451352), 'gamma': np.float64(1.3470616689926074), 'lambda': np.float64(1.220627611238871), 'learning_rate': np.float64(0.043658208434586114), 'max_depth': 3, 'min_child_weight': 4, 'subsample': np.float64(0.681814801189647)}",0.7810777855127965,0.7090618419335775,0.07201594357921903
"{'alpha': np.float64(2.2527206765504677), 'colsample_bytree': np.float64(0.5645797075757475), 'gamma': np.float64(4.770255136293612), 'lambda': np.float64(3.0308731722544002), 'learning_rate': np.float64(0.05572856110069255), 'max_depth': 3, 'min_child_weight': 8, 'subsample': np.float64(0.8090641202289479)}",0.7814736880085151,0.7067829434179599,0.07469074459055525
"{'alpha': np.float64(2.8614623458541915), 'colsample_bytree': np.float64(0.9901657918580229), 'gamma': np.float64(0.37673128003064105), 'lambda': np.float64(1.5284850964359094), 'learning_rate': np.float64(0.04818220623006921), 'max_depth': 3, 'min_child_weight': 3, 'subsample': np.float64(0.5847463733430462)}",0.79040464292698,0.7156145338239325,0.07479010910304751
"{'alpha': np.float64(4.858910413604804), 'colsample_bytree': np.float64(0.9812236474710556), 'gamma': np.float64(1.2589114791268208), 'lambda': np.float64(2.4862425294619275), 'learning_rate': np.float64(0.07017566196335394), 'max_depth': 3, 'min_child_weight': 8, 'subsample': np.float64(0.5184434736772664)}",0.8034145288796203,0.7236361001899939,0.07977842868962637
"{'alpha': np.float64(4.498236985725061), 'colsample_bytree': np.float64(0.8037776111467865), 'gamma': np.float64(1.2217657773232726), 'lambda': np.float64(2.491238489244701), 'learning_rate': np.float64(0.07606969625618279), 'max_depth': 3, 'min_child_weight': 1, 'subsample': np.float64(0.5037671815670374)}",0.8106709303249499,0.7300350238658732,0.0806359064590767
"{'alpha': np.float64(3.248868413213817), 'colsample_bytree': np.float64(0.5240294620985169), 'gamma': np.float64(4.7457286579569296), 'lambda': np.float64(4.433401936490238), 'learning_rate': np.float64(0.062178724668342795), 'max_depth': 4, 'min_child_weight': 3, 'subsample': np.float64(0.7515681292900438)}",0.7978887951371986,0.7167559296016478,0.08113286553555077
"{'alpha': np.float64(3.4770556155332377), 'colsample_bytree': np.float64(0.5377172735448846), 'gamma': np.float64(0.8310771595462646), 'lambda': np.float64(1.084045532932456), 'learning_rate': np.float64(0.06889878936788597), 'max_depth': 3, 'min_child_weight': 5, 'subsample': np.float64(0.8484625279319074)}",0.8103008623012242,0.7228082420935699,0.08749262020765436
"{'alpha': np.float64(4.961057796456087), 'colsample_bytree': np.float64(0.8087407548138583), 'gamma': np.float64(3.0582658024414044), 'lambda': np.float64(0.03533152609858703), 'learning_rate': np.float64(0.014612485008283152), 'max_depth': 5, 'min_child_weight': 3, 'subsample': np.float64(0.6912309956335814)}",0.7959434147479163,0.7060668916836897,0.08987652306422655
"{'alpha': np.float64(4.64764572123913), 'colsample_bytree': np.float64(0.9153097038938646), 'gamma': np.float64(4.825134553332563), 'lambda': np.float64(0.6214861174277236), 'learning_rate': np.float64(0.15617349504072886), 'max_depth': 3, 'min_child_weight': 2, 'subsample': np.float64(0.5906165330828301)}",0.8001930564544443,0.7100180941682864,0.09017496228615784
"{'alpha': np.float64(3.45468869051233), 'colsample_bytree': np.float64(0.6933676731502687), 'gamma': np.float64(4.6836499436836725), 'lambda': np.float64(0.6876047207299663), 'learning_rate': np.float64(0.0782132702100517), 'max_depth': 3, 'min_child_weight': 2, 'subsample': np.float64(0.9623468091392814)}",0.7901987634138107,0.6985122472666101,0.09168651614720058
"{'alpha': np.float64(4.046805777392568), 'colsample_bytree': np.float64(0.9050566973395904), 'gamma': np.float64(4.335361592900519), 'lambda': np.float64(4.566202762782357), 'learning_rate': np.float64(0.11226847977218755), 'max_depth': 3, 'min_child_weight': 4, 'subsample': np.float64(0.8991475894833876)}",0.7993981869255131,0.7073303130134009,0.09206787391211224
"{'alpha': np.float64(3.3009868835886564), 'colsample_bytree': np.float64(0.6399669484729714), 'gamma': np.float64(4.77432640331597), 'lambda': np.float64(3.6894845834788423), 'learning_rate': np.float64(0.12087081050228014), 'max_depth': 8, 'min_child_weight': 7, 'subsample': np.float64(0.5238580638458243)}",0.808785073534982,0.7165308456451301,0.09225422788985183
"{'alpha': np.float64(2.9238305297457683), 'colsample_bytree': np.float64(0.7001502444551406), 'gamma': np.float64(3.488337868484659), 'lambda': np.float64(0.9003363617464927), 'learning_rate': np.float64(0.1493002932454158), 'max_depth': 3, 'min_child_weight': 3, 'subsample': np.float64(0.9371588024272086)}",0.8181344664976795,0.7223274478551611,0.0958070186425184
"{'alpha': np.float64(3.483685826820753), 'colsample_bytree': np.float64(0.8144714233899419), 'gamma': np.float64(4.387360067635265), 'lambda': np.float64(3.675355219019429), 'learning_rate': np.float64(0.17069618607696974), 'max_depth': 3, 'min_child_weight': 4, 'subsample': np.float64(0.5887197718898614)}",0.8064490353948756,0.7033978625377069,0.1030511728571687
"{'alpha': np.float64(4.485551299762886), 'colsample_bytree': np.float64(0.9435432121325587), 'gamma': np.float64(3.899377729288119), 'lambda': np.float64(3.2101582307714387), 'learning_rate': np.float64(0.026827992999009766), 'max_depth': 6, 'min_child_weight': 6, 'subsample': np.float64(0.8344941273571143)}",0.8196429455164581,0.7154395194153544,0.10420342610110367
"{'alpha': np.float64(2.7134804157912424), 'colsample_bytree': np.float64(0.5704621124873813), 'gamma': np.float64(4.010984903770199), 'lambda': np.float64(0.3727532183988541), 'learning_rate': np.float64(0.20737738732010347), 'max_depth': 3, 'min_child_weight': 8, 'subsample': np.float64(0.5027610585618012)}",0.8212339419755875,0.7167919668178714,0.10444197515771614
"{'alpha': np.float64(1.8727005942368125), 'colsample_bytree': np.float64(0.9753571532049581), 'gamma': np.float64(3.6599697090570253), 'lambda': np.float64(2.993292420985183), 'learning_rate': np.float64(0.0412037280884873), 'max_depth': 5, 'min_child_weight': 7, 'subsample': np.float64(0.5290418060840998)}",0.8289233956746195,0.7211912794271663,0.10773211624745316
"{'alpha': np.float64(2.89140070498087), 'colsample_bytree': np.float64(0.517971136898371), 'gamma': np.float64(2.3279900906623006), 'lambda': np.float64(2.713223173537883), 'learning_rate': np.float64(0.06730825042565688), 'max_depth': 4, 'min_child_weight': 6, 'subsample': np.float64(0.625125680257932)}",0.8335380223671616,0.7248479187000363,0.10869010366712528
"{'alpha': np.float64(2.238915822865458), 'colsample_bytree': np.float64(0.776446544535664), 'gamma': np.float64(2.9634836193969676), 'lambda': np.float64(0.40426663166357624), 'learning_rate': np.float64(0.0839308912122809), 'max_depth': 3, 'min_child_weight': 6, 'subsample': np.float64(0.6838915663596266)}",0.8203695119635602,0.7115323413883211,0.10883717057523912
"{'alpha': np.float64(4.916154429033941), 'colsample_bytree': np.float64(0.73338144662399), 'gamma': np.float64(4.299702033681603), 'lambda': np.float64(3.4015376929388985), 'learning_rate': np.float64(0.1000998503939086), 'max_depth': 4, 'min_child_weight': 4, 'subsample': np.float64(0.9711008778424264)}",0.8123994887704163,0.7025905983894145,0.10980889038100183
"{'alpha': np.float64(2.405726970281466), 'colsample_bytree': np.float64(0.8438923585480416), 'gamma': np.float64(2.558285067736306), 'lambda': np.float64(0.7848884135809686), 'learning_rate': np.float64(0.08545719304841452), 'max_depth': 3, 'min_child_weight': 4, 'subsample': np.float64(0.9031006398965307)}",0.8333926055754494,0.7203951874920629,0.11299741808338648
"{'alpha': np.float64(2.6717313751473153), 'colsample_bytree': np.float64(0.8749553747349859), 'gamma': np.float64(4.5658287612882145), 'lambda': np.float64(2.92574766162736), 'learning_rate': np.float64(0.15522416881436962), 'max_depth': 4, 'min_child_weight': 3, 'subsample': np.float64(0.6236740508715988)}",0.8259507139338054,0.7114211880956546,0.11452952583815079
"{'alpha': np.float64(0.40116872830821104), 'colsample_bytree': np.float64(0.7622556947851273), 'gamma': np.float64(2.0519841349483077), 'lambda': np.float64(4.911893084543032), 'learning_rate': np.float64(0.03240778043361047), 'max_depth': 4, 'min_child_weight': 4, 'subsample': np.float64(0.9847352166376844)}",0.8178750433613308,0.7032518811691413,0.11462316219218949
"{'alpha': np.float64(2.6041713001291185), 'colsample_bytree': np.float64(0.9805860121746746), 'gamma': np.float64(4.222669243390757), 'lambda': np.float64(3.736600550686904), 'learning_rate': np.float64(0.11793842647781595), 'max_depth': 4, 'min_child_weight': 9, 'subsample': np.float64(0.6404672548436904)}",0.830390758692675,0.715214229611011,0.11517652908166398
"{'alpha': np.float64(4.526753209780319), 'colsample_bytree': np.float64(0.5978955673946482), 'gamma': np.float64(0.3468065043758273), 'lambda': np.float64(0.5038900068871333), 'learning_rate': np.float64(0.013644365130309945), 'max_depth': 5, 'min_child_weight': 2, 'subsample': np.float64(0.8415033867081785)}",0.8195289775822483,0.7026587070181759,0.1168702705640724
"{'alpha': np.float64(1.9210091568960996), 'colsample_bytree': np.float64(0.8685503529215096), 'gamma': np.float64(4.576271708345532), 'lambda': np.float64(4.793512037039231), 'learning_rate': np.float64(0.02157277955154148), 'max_depth': 8, 'min_child_weight': 8, 'subsample': np.float64(0.8100662989007683)}",0.826530997295901,0.7085614988516847,0.11796949844421623
"{'alpha': np.float64(3.2498196538888258), 'colsample_bytree': np.float64(0.8509834386288517), 'gamma': np.float64(3.978963347180505), 'lambda': np.float64(4.450026709087831), 'learning_rate': np.float64(0.07759903137030716), 'max_depth': 6, 'min_child_weight': 2, 'subsample': np.float64(0.5469909699204345)}",0.8285167639750278,0.7096908004120468,0.11882596356298103
"{'alpha': np.float64(2.9034331071822734), 'colsample_bytree': np.float64(0.6861413832808716), 'gamma': np.float64(4.700667212288892), 'lambda': np.float64(4.8683191837765865), 'learning_rate': np.float64(0.06678419494749314), 'max_depth': 8, 'min_child_weight': 2, 'subsample': np.float64(0.7428068767931133)}",0.8305750069684715,0.7094882101755962,0.12108679679287537
"{'alpha': np.float64(4.01054624513367), 'colsample_bytree': np.float64(0.9889503343771354), 'gamma': np.float64(2.7800251932129227), 'lambda': np.float64(1.6134319413879183), 'learning_rate': np.float64(0.01868015665963455), 'max_depth': 7, 'min_child_weight': 5, 'subsample': np.float64(0.6264950839946206)}",0.8271053685094085,0.7053782180178417,0.1217271504915668
"{'alpha': np.float64(2.8580634473494992), 'colsample_bytree': np.float64(0.6399895468301421), 'gamma': np.float64(3.8474646659596843), 'lambda': np.float64(0.9352187427876169), 'learning_rate': np.float64(0.07473584728084873), 'max_depth': 5, 'min_child_weight': 4, 'subsample': np.float64(0.7538051893422275)}",0.8447658137083068,0.7221672855296684,0.12259852817863848
"{'alpha': np.float64(4.865052773762228), 'colsample_bytree': np.float64(0.6965488623333802), 'gamma': np.float64(4.460232775885567), 'lambda': np.float64(3.1556931299863145), 'learning_rate': np.float64(0.1689622607083297), 'max_depth': 8, 'min_child_weight': 1, 'subsample': np.float64(0.7884519423131795)}",0.8291327149098259,0.7059874238308884,0.12314529107893746
"{'alpha': np.float64(2.8385016390999573), 'colsample_bytree': np.float64(0.5156566462277793), 'gamma': np.float64(4.211423872974993), 'lambda': np.float64(2.248770666848828), 'learning_rate': np.float64(0.08903004720036288), 'max_depth': 6, 'min_child_weight': 8, 'subsample': np.float64(0.7852219872026998)}",0.8381722750564086,0.7149126610207025,0.12325961403570607
"{'alpha': np.float64(4.330880728874676), 'colsample_bytree': np.float64(0.8005575058716043), 'gamma': np.float64(3.540362888980227), 'lambda': np.float64(0.10292247147901223), 'learning_rate': np.float64(0.20398197043239888), 'max_depth': 6, 'min_child_weight': 6, 'subsample': np.float64(0.5003893829205072)}",0.8406856642840718,0.7164467436967149,0.12423892058735686
"{'alpha': np.float64(3.753073758204292), 'colsample_bytree': np.float64(0.9034173696336321), 'gamma': np.float64(4.952525710003367), 'lambda': np.float64(2.0630883845571324), 'learning_rate': np.float64(0.08440361715855663), 'max_depth': 9, 'min_child_weight': 8, 'subsample': np.float64(0.933558303604861)}",0.8386838863812737,0.7143204068480143,0.12436347953325932
"{'alpha': np.float64(1.6374867608895731), 'colsample_bytree': np.float64(0.5598810659096256), 'gamma': np.float64(4.452636403699475), 'lambda': np.float64(2.9679622677702433), 'learning_rate': np.float64(0.14582046382889793), 'max_depth': 5, 'min_child_weight': 9, 'subsample': np.float64(0.7492210994645286)}",0.8419064804446236,0.7139524632528905,0.12795401719173305
"{'alpha': np.float64(0.35594324230114494), 'colsample_bytree': np.float64(0.6594878151468806), 'gamma': np.float64(4.2243765548472725), 'lambda': np.float64(0.11635967867912933), 'learning_rate': np.float64(0.1728936965177872), 'max_depth': 3, 'min_child_weight': 7, 'subsample': np.float64(0.5590824138108281)}",0.8466810861841297,0.7181799429989477,0.12850114318518202
"{'alpha': np.float64(2.784006312291751), 'colsample_bytree': np.float64(0.9680773870803905), 'gamma': np.float64(3.480148983374865), 'lambda': np.float64(2.8503058504468246), 'learning_rate': np.float64(0.02943529875415371), 'max_depth': 9, 'min_child_weight': 6, 'subsample': np.float64(0.679323390648082)}",0.8398944193725084,0.71128380605951,0.1286106133129984
"{'alpha': np.float64(4.0773071422741705), 'colsample_bytree': np.float64(0.8534286719238086), 'gamma': np.float64(3.6450358402049368), 'lambda': np.float64(3.8563517334297286), 'learning_rate': np.float64(0.024808930346818074), 'max_depth': 9, 'min_child_weight': 9, 'subsample': np.float64(0.9574798377718904)}",0.8354615162244613,0.7065693403853437,0.1288921758391176
"{'alpha': np.float64(4.386696766904905), 'colsample_bytree': np.float64(0.6289708138575778), 'gamma': np.float64(3.299920230170895), 'lambda': np.float64(4.0861110010060795), 'learning_rate': np.float64(0.12104016231989247), 'max_depth': 6, 'min_child_weight': 1, 'subsample': np.float64(0.6209261454502258)}",0.8361879573457013,0.7071677418428169,0.12902021550288434
"{'alpha': np.float64(2.99432733244268), 'colsample_bytree': np.float64(0.8473924665198522), 'gamma': np.float64(4.402339195076289), 'lambda': np.float64(3.1217702406689662), 'learning_rate': np.float64(0.06912673716754279), 'max_depth': 7, 'min_child_weight': 6, 'subsample': np.float64(0.7282672852414551)}",0.8389131354049194,0.7091219424581373,0.1297911929467821
"{'alpha': np.float64(4.327535629469901), 'colsample_bytree': np.float64(0.9085360354746399), 'gamma': np.float64(1.289514135224699), 'lambda': np.float64(0.8544379369503291), 'learning_rate': np.float64(0.14372864398488622), 'max_depth': 3, 'min_child_weight': 2, 'subsample': np.float64(0.778381446506965)}",0.8675837260917196,0.7358306442563588,0.13175308183536083
"{'alpha': np.float64(4.74899956645962), 'colsample_bytree': np.float64(0.86285975419418), 'gamma': np.float64(3.0670759796789495), 'lambda': np.float64(2.0912151814530944), 'learning_rate': np.float64(0.19654569667080268), 'max_depth': 4, 'min_child_weight': 5, 'subsample': np.float64(0.5131834872486261)}",0.8349027017495587,0.7001767434836046,0.13472595826595413
"{'alpha': np.float64(0.46551383902949606), 'colsample_bytree': np.float64(0.9486078789766634), 'gamma': np.float64(4.502090285816652), 'lambda': np.float64(3.16550728636634), 'learning_rate': np.float64(0.07780595820974014), 'max_depth': 5, 'min_child_weight': 3, 'subsample': np.float64(0.8629778394351197)}",0.8663434656071808,0.7305375532889824,0.13580591231819839
"{'alpha': np.float64(2.349722569954715), 'colsample_bytree': np.float64(0.6397801708983792), 'gamma': np.float64(4.417470111331295), 'lambda': np.float64(3.7385938694870697), 'learning_rate': np.float64(0.20061436940479066), 'max_depth': 7, 'min_child_weight': 1, 'subsample': np.float64(0.776382483417745)}",0.8501333606181449,0.7133410266937121,0.1367923339244328
"{'alpha': np.float64(2.759534193872428), 'colsample_bytree': np.float64(0.7804689857676932), 'gamma': np.float64(4.383268013291725), 'lambda': np.float64(2.0174143310619854), 'learning_rate': np.float64(0.03680304569012815), 'max_depth': 9, 'min_child_weight': 7, 'subsample': np.float64(0.8775686278368096)}",0.8467180375529225,0.709588864407119,0.13712917314580353
"{'alpha': np.float64(4.24611705247089), 'colsample_bytree': np.float64(0.8288064461501716), 'gamma': np.float64(2.841543016677358), 'lambda': np.float64(0.4683738391404624), 'learning_rate': np.float64(0.0835431606118867), 'max_depth': 9, 'min_child_weight': 6, 'subsample': np.float64(0.6219948216895418)}",0.8634082929436175,0.7230030689829511,0.14040522396066646
"{'alpha': np.float64(4.210115375059907), 'colsample_bytree': np.float64(0.5971900169974365), 'gamma': np.float64(2.056769525283393), 'lambda': np.float64(3.497561053835969), 'learning_rate': np.float64(0.03767061848356027), 'max_depth': 7, 'min_child_weight': 2, 'subsample': np.float64(0.7581501741505976)}",0.8578727075711614,0.7171751942640637,0.14069751330709768
"{'alpha': np.float64(1.9612202254986615), 'colsample_bytree': np.float64(0.7187374610118645), 'gamma': np.float64(4.520793472468742), 'lambda': np.float64(1.7412773351165018), 'learning_rate': np.float64(0.11279789783196216), 'max_depth': 9, 'min_child_weight': 7, 'subsample': np.float64(0.7618011380075056)}",0.8611723471664845,0.7197694912803893,0.14140285588609525
"{'alpha': np.float64(2.809333460718868), 'colsample_bytree': np.float64(0.61929842989517), 'gamma': np.float64(3.399223899501229), 'lambda': np.float64(3.6995438022368727), 'learning_rate': np.float64(0.05764723048079589), 'max_depth': 8, 'min_child_weight': 1, 'subsample': np.float64(0.7671637367652817)}",0.8629403165061615,0.7178749614475326,0.14506535505862894
"{'alpha': np.float64(1.7908135901642024), 'colsample_bytree': np.float64(0.5567787960998145), 'gamma': np.float64(3.357865977963998), 'lambda': np.float64(2.6015385045189667), 'learning_rate': np.float64(0.16446367834712788), 'max_depth': 5, 'min_child_weight': 2, 'subsample': np.float64(0.9260907501592701)}",0.8726398652479946,0.727551510215499,0.14508835503249562
"{'alpha': np.float64(1.2732032738188193), 'colsample_bytree': np.float64(0.8407513611119646), 'gamma': np.float64(3.8011392994484328), 'lambda': np.float64(2.9781937030392216), 'learning_rate': np.float64(0.10431523771003168), 'max_depth': 9, 'min_child_weight': 3, 'subsample': np.float64(0.6744341332714976)}",0.8796876131911223,0.7329610262301777,0.14672658696094465
"{'alpha': np.float64(3.4882093574673165), 'colsample_bytree': np.float64(0.8982358878369386), 'gamma': np.float64(2.296734039730862), 'lambda': np.float64(4.210457075093548), 'learning_rate': np.float64(0.1637835482630795), 'max_depth': 6, 'min_child_weight': 8, 'subsample': np.float64(0.5229306332023165)}",0.8731107659750662,0.7260626948611483,0.14704807111391793
"{'alpha': np.float64(2.969415487789494), 'colsample_bytree': np.float64(0.6846152407549481), 'gamma': np.float64(2.2713398610954982), 'lambda': np.float64(2.743015589690766), 'learning_rate': np.float64(0.11978439597779546), 'max_depth': 4, 'min_child_weight': 8, 'subsample': np.float64(0.9049372229273174)}",0.8692783781329323,0.7218985880207089,0.14737979011222335
"{'alpha': np.float64(2.4631255214542955), 'colsample_bytree': np.float64(0.5056768223837096), 'gamma': np.float64(2.3433032099706312), 'lambda': np.float64(0.28151637840918675), 'learning_rate': np.float64(0.033763583253614386), 'max_depth': 7, 'min_child_weight': 9, 'subsample': np.float64(0.872105828471649)}",0.8772033331933604,0.7286773026828334,0.14852603051052704
"{'alpha': np.float64(1.6147823647062298), 'colsample_bytree': np.float64(0.8975930973843518), 'gamma': np.float64(1.354161256310371), 'lambda': np.float64(2.1948571035281805), 'learning_rate': np.float64(0.02569127626845319), 'max_depth': 7, 'min_child_weight': 5, 'subsample': np.float64(0.5404364833085988)}",0.8726665022516615,0.7221109678929304,0.15055553435873115
"{'alpha': np.float64(4.282449205941611), 'colsample_bytree': np.float64(0.8293468158094726), 'gamma': np.float64(0.8146721354071484), 'lambda': np.float64(0.3528437370021492), 'learning_rate': np.float64(0.13848385564126314), 'max_depth': 3, 'min_child_weight': 4, 'subsample': np.float64(0.7877370889379395)}",0.8715068553694609,0.7208272369602303,0.1506796184092306
"{'alpha': np.float64(4.931053722398015), 'colsample_bytree': np.float64(0.8490808570098726), 'gamma': np.float64(2.680481831720602), 'lambda': np.float64(1.5476380814316388), 'learning_rate': np.float64(0.17275900394138977), 'max_depth': 6, 'min_child_weight': 3, 'subsample': np.float64(0.9112686214615845)}",0.8713371446246125,0.7204528193561508,0.15088432526846174
"{'alpha': np.float64(2.5761802743210542), 'colsample_bytree': np.float64(0.9865551746350522), 'gamma': np.float64(3.009676977704801), 'lambda': np.float64(1.119245329531603), 'learning_rate': np.float64(0.17435812736888986), 'max_depth': 4, 'min_child_weight': 6, 'subsample': np.float64(0.5443512668785278)}",0.8668291861053136,0.7153582351480521,0.15147095095726149
"{'alpha': np.float64(0.8182797143285225), 'colsample_bytree': np.float64(0.5821328989654965), 'gamma': np.float64(4.07287360115691), 'lambda': np.float64(3.3259861034810005), 'learning_rate': np.float64(0.11461308495382387), 'max_depth': 6, 'min_child_weight': 9, 'subsample': np.float64(0.9386002704065541)}",0.8679979937256137,0.713695734834914,0.1543022588906997
"{'alpha': np.float64(0.2877938000832214), 'colsample_bytree': np.float64(0.7747644411618677), 'gamma': np.float64(2.207652506866885), 'lambda': np.float64(4.438520913791499), 'learning_rate': np.float64(0.08018300251041574), 'max_depth': 4, 'min_child_weight': 9, 'subsample': np.float64(0.8807553158587361)}",0.882550910067659,0.7264790179184519,0.15607189214920703
"{'alpha': np.float64(0.43460144043711846), 'colsample_bytree': np.float64(0.768553270909274), 'gamma': np.float64(2.9342055901043955), 'lambda': np.float64(3.72719737092165), 'learning_rate': np.float64(0.09633190924593588), 'max_depth': 5, 'min_child_weight': 9, 'subsample': np.float64(0.668723416935959)}",0.8865204600952825,0.7302967583320663,0.1562237017632162
"{'alpha': np.float64(2.4828059534153883), 'colsample_bytree': np.float64(0.6948090431096017), 'gamma': np.float64(1.4881758725465544), 'lambda': np.float64(0.4999244358093169), 'learning_rate': np.float64(0.02069705934947378), 'max_depth': 7, 'min_child_weight': 9, 'subsample': np.float64(0.9235715720477948)}",0.8794527016853058,0.7231039700407061,0.15634873164459961
"{'alpha': np.float64(3.7412984519182917), 'colsample_bytree': np.float64(0.5922605096781887), 'gamma': np.float64(1.0467466166835515), 'lambda': np.float64(1.85236051395691), 'learning_rate': np.float64(0.10690459703820426), 'max_depth': 4, 'min_child_weight': 7, 'subsample': np.float64(0.7656328769867671)}",0.8871473446519694,0.7301548993931928,0.15699244525877665
"{'alpha': np.float64(1.1266639885626413), 'colsample_bytree': np.float64(0.6826784098370289), 'gamma': np.float64(2.4390490040436896), 'lambda': np.float64(4.254087589180731), 'learning_rate': np.float64(0.027577524908028776), 'max_depth': 8, 'min_child_weight': 8, 'subsample': np.float64(0.9483827123132126)}",0.887294992419846,0.7279934864399905,0.15930150597985548
"{'alpha': np.float64(1.7745259523136032), 'colsample_bytree': np.float64(0.9784004425632282), 'gamma': np.float64(3.3838495221215164), 'lambda': np.float64(2.4126047482132122), 'learning_rate': np.float64(0.108605131554361), 'max_depth': 7, 'min_child_weight': 5, 'subsample': np.float64(0.6466053858490323)}",0.8831613808360009,0.7236808152359553,0.15948056560004564
"{'alpha': np.float64(4.165974558680822), 'colsample_bytree': np.float64(0.5866823267538861), 'gamma': np.float64(1.955303037866204), 'lambda': np.float64(0.9111804389403116), 'learning_rate': np.float64(0.16107228206353053), 'max_depth': 8, 'min_child_weight': 6, 'subsample': np.float64(0.6039708314340944)}",0.8832931109254165,0.7230656470798745,0.16022746384554198
"{'alpha': np.float64(1.8823168343902479), 'colsample_bytree': np.float64(0.9052766653909164), 'gamma': np.float64(4.936380646574722), 'lambda': np.float64(0.7520844555176409), 'learning_rate': np.float64(0.12882614307042703), 'max_depth': 9, 'min_child_weight': 9, 'subsample': np.float64(0.9849571989073016)}",0.8642586530029902,0.7016850304297053,0.1625736225732849
"{'alpha': np.float64(1.2708182453486938), 'colsample_bytree': np.float64(0.6476452942094694), 'gamma': np.float64(1.6127538211930026), 'lambda': np.float64(4.243348974623372), 'learning_rate': np.float64(0.037324266288405766), 'max_depth': 8, 'min_child_weight': 7, 'subsample': np.float64(0.6467959221322467)}",0.8888418337501058,0.7261531391935752,0.16268869455653068
"{'alpha': np.float64(4.210594615678543), 'colsample_bytree': np.float64(0.9191643523555689), 'gamma': np.float64(2.3434657989748513), 'lambda': np.float64(2.074097511688326), 'learning_rate': np.float64(0.06468141438614125), 'max_depth': 9, 'min_child_weight': 6, 'subsample': np.float64(0.8458571985844561)}",0.886511408609569,0.7213696449123702,0.1651417636971988
"{'alpha': np.float64(2.4689779818219537), 'colsample_bytree': np.float64(0.7613664146909971), 'gamma': np.float64(2.137705091792748), 'lambda': np.float64(0.12709563372047594), 'learning_rate': np.float64(0.031578285398660894), 'max_depth': 9, 'min_child_weight': 7, 'subsample': np.float64(0.7376851115910559)}",0.8910327282953757,0.7248814649593177,0.166151263336058
"{'alpha': np.float64(1.2120486620754012), 'colsample_bytree': np.float64(0.5574184123696018), 'gamma': np.float64(3.0531002122081627), 'lambda': np.float64(1.4431527662012789), 'learning_rate': np.float64(0.12624764428452245), 'max_depth': 5, 'min_child_weight': 4, 'subsample': np.float64(0.6603210960797572)}",0.8848625938499006,0.7154355166596369,0.16942707719026373
"{'alpha': np.float64(1.6433227268495798), 'colsample_bytree': np.float64(0.8362592280385193), 'gamma': np.float64(3.7618726471884), 'lambda': np.float64(3.9578952186292424), 'learning_rate': np.float64(0.1679236285589108), 'max_depth': 7, 'min_child_weight': 5, 'subsample': np.float64(0.7472101523512907)}",0.879574233125603,0.7096600584492997,0.16991417467630332
"{'alpha': np.float64(3.1615291529678973), 'colsample_bytree': np.float64(0.8167648553804474), 'gamma': np.float64(2.6788734203737925), 'lambda': np.float64(0.4514488502720415), 'learning_rate': np.float64(0.1770604991178476), 'max_depth': 6, 'min_child_weight': 6, 'subsample': np.float64(0.8479064033954409)}",0.8881044847588042,0.7170262680621279,0.17107821669667633
"{'alpha': np.float64(3.1015477567673235), 'colsample_bytree': np.float64(0.8520398840496117), 'gamma': np.float64(1.0648208075445535), 'lambda': np.float64(0.6818573779338488), 'learning_rate': np.float64(0.012908933133576387), 'max_depth': 8, 'min_child_weight': 2, 'subsample': np.float64(0.7949588434273165)}",0.8985243717494497,0.7184108312820977,0.18011354046735195
"{'alpha': np.float64(4.291794024068599), 'colsample_bytree': np.float64(0.6629794526009424), 'gamma': np.float64(1.1012052378277415), 'lambda': np.float64(3.555747662190089), 'learning_rate': np.float64(0.1719002092279431), 'max_depth': 6, 'min_child_weight': 7, 'subsample': np.float64(0.5871832145024958)}",0.9122784360619683,0.7257496056038895,0.1865288304580789
"{'alpha': np.float64(2.8301860524703812), 'colsample_bytree': np.float64(0.5793232238212456), 'gamma': np.float64(0.6008232390282109), 'lambda': np.float64(1.709398333582008), 'learning_rate': np.float64(0.028359813162688374), 'max_depth': 9, 'min_child_weight': 1, 'subsample': np.float64(0.6557066546956472)}",0.9152985724399737,0.7235210692679802,0.1917775031719935
"{'alpha': np.float64(3.1040284221104564), 'colsample_bytree': np.float64(0.6737067041127072), 'gamma': np.float64(1.045653955392571), 'lambda': np.float64(2.898249672358692), 'learning_rate': np.float64(0.078312642091309), 'max_depth': 9, 'min_child_weight': 9, 'subsample': np.float64(0.730059579491786)}",0.9297248648681927,0.7374440124361874,0.19228085243200532
"{'alpha': np.float64(0.194173672147116), 'colsample_bytree': np.float64(0.6516327573366114), 'gamma': np.float64(2.6854121359832774), 'lambda': np.float64(1.6332562089802045), 'learning_rate': np.float64(0.17557380075751775), 'max_depth': 6, 'min_child_weight': 5, 'subsample': np.float64(0.7286325808068643)}",0.9309352640751706,0.736718256449468,0.1942170076257026
"{'alpha': np.float64(1.3869059149056633), 'colsample_bytree': np.float64(0.5940605798618807), 'gamma': np.float64(2.3184920246999106), 'lambda': np.float64(1.766761140130264), 'learning_rate': np.float64(0.12673122237017442), 'max_depth': 6, 'min_child_weight': 5, 'subsample': np.float64(0.9871974038330833)}",0.9164475772261694,0.7218549744682673,0.19459260275790213
"{'alpha': np.float64(1.9408496310326095), 'colsample_bytree': np.float64(0.8216441092211766), 'gamma': np.float64(2.2912644524575834), 'lambda': np.float64(2.728083946579675), 'learning_rate': np.float64(0.19829296175530506), 'max_depth': 5, 'min_child_weight': 1, 'subsample': np.float64(0.9805952819119571)}",0.9009409934817084,0.705730695412912,0.19521029806879642
"{'alpha': np.float64(2.8164410892276965), 'colsample_bytree': np.float64(0.692708251269958), 'gamma': np.float64(0.07983126110107097), 'lambda': np.float64(1.1544691281107449), 'learning_rate': np.float64(0.05820509320520235), 'max_depth': 6, 'min_child_weight': 7, 'subsample': np.float64(0.8049983288913105)}",0.9371413646494702,0.7368670421145678,0.2002743225349024
"{'alpha': np.float64(1.373608964950321), 'colsample_bytree': np.float64(0.7806217129238506), 'gamma': np.float64(1.914634373768949), 'lambda': np.float64(4.858560476945518), 'learning_rate': np.float64(0.1797827648532168), 'max_depth': 7, 'min_child_weight': 7, 'subsample': np.float64(0.8854835899772805)}",0.9323454922276405,0.7288816555706662,0.20346383665697432
"{'alpha': np.float64(3.766890926294708), 'colsample_bytree': np.float64(0.6881297927654579), 'gamma': np.float64(0.4175035834933438), 'lambda': np.float64(3.885734579637184), 'learning_rate': np.float64(0.12168084994716101), 'max_depth': 5, 'min_child_weight': 3, 'subsample': np.float64(0.5555987411530756)}",0.9337939147049974,0.7270457339360599,0.20674818076893753
"{'alpha': np.float64(1.962225537113177), 'colsample_bytree': np.float64(0.9082997197357885), 'gamma': np.float64(2.195674542851092), 'lambda': np.float64(1.884722147124538), 'learning_rate': np.float64(0.10253595713392129), 'max_depth': 8, 'min_child_weight': 1, 'subsample': np.float64(0.8738046900881256)}",0.937263884502248,0.728156919120654,0.209106965381594
"{'alpha': np.float64(3.602580306957324), 'colsample_bytree': np.float64(0.5311706812556207), 'gamma': np.float64(0.7386954595311335), 'lambda': np.float64(0.6655846429373913), 'learning_rate': np.float64(0.14743310108066623), 'max_depth': 9, 'min_child_weight': 2, 'subsample': np.float64(0.7237061834117273)}",0.9592332565788985,0.7320119629583928,0.2272212936205057
"{'alpha': np.float64(0.4241885704259596), 'colsample_bytree': np.float64(0.9933197892505877), 'gamma': np.float64(1.8713539787806015), 'lambda': np.float64(1.8532107353344545), 'learning_rate': np.float64(0.17255991345150054), 'max_depth': 9, 'min_child_weight': 7, 'subsample': np.float64(0.9930005319114354)}",0.9574965431434617,0.7251789884148806,0.23231755472858107
"{'alpha': np.float64(2.2421207149312368), 'colsample_bytree': np.float64(0.9972287313054103), 'gamma': np.float64(0.8796262633867269), 'lambda': np.float64(0.09037681807760434), 'learning_rate': np.float64(0.10877874303668693), 'max_depth': 6, 'min_child_weight': 8, 'subsample': np.float64(0.8248164495236073)}",0.9678131057240579,0.7330619063818581,0.2347511993421998
"{'alpha': np.float64(2.8163778598819182), 'colsample_bytree': np.float64(0.8477580432130638), 'gamma': np.float64(0.6966572720293784), 'lambda': np.float64(3.0220868963890863), 'learning_rate': np.float64(0.11796821826033463), 'max_depth': 7, 'min_child_weight': 4, 'subsample': np.float64(0.9714267852789905)}",0.965399678455824,0.7267516179459949,0.23864806050982912
"{'alpha': np.float64(4.250192888948996), 'colsample_bytree': np.float64(0.7247253370691017), 'gamma': np.float64(0.47705058245205656), 'lambda': np.float64(1.8540912609913318), 'learning_rate': np.float64(0.14376825053272146), 'max_depth': 7, 'min_child_weight': 3, 'subsample': np.float64(0.7956488938538635)}",0.964317903802841,0.7184521213727697,0.2458657824300713
"{'alpha': np.float64(1.3606612469231765), 'colsample_bytree': np.float64(0.8238450602706812), 'gamma': np.float64(0.002601884976579094), 'lambda': np.float64(1.7628442816708452), 'learning_rate': np.float64(0.07095625163160581), 'max_depth': 8, 'min_child_weight': 8, 'subsample': np.float64(0.767044709687721)}",0.9781907263095669,0.7308880736895026,0.24730265262006434
"{'alpha': np.float64(0.603179355503004), 'colsample_bytree': np.float64(0.7303893840163629), 'gamma': np.float64(1.0316685920289625), 'lambda': np.float64(1.8213493052403773), 'learning_rate': np.float64(0.11068345417097138), 'max_depth': 7, 'min_child_weight': 9, 'subsample': np.float64(0.5461452931143731)}",0.9705899428566483,0.7181076312190392,0.25248231163760915
"{'alpha': np.float64(2.141572374700539), 'colsample_bytree': np.float64(0.8442499503826832), 'gamma': np.float64(0.29096797754221804), 'lambda': np.float64(4.576068638132402), 'learning_rate': np.float64(0.09847044594622088), 'max_depth': 8, 'min_child_weight': 6, 'subsample': np.float64(0.8572979613500311)}",0.9849049526033493,0.7273977056844833,0.25750724691886606
"{'alpha': np.float64(4.8975526431075425), 'colsample_bytree': np.float64(0.5876651349446693), 'gamma': np.float64(0.08580550915875118), 'lambda': np.float64(3.816822115019555), 'learning_rate': np.float64(0.1713825954101559), 'max_depth': 6, 'min_child_weight': 1, 'subsample': np.float64(0.7323369064698058)}",0.9755107357223182,0.7178919823820428,0.2576187533402754
"{'alpha': np.float64(3.047821669899484), 'colsample_bytree': np.float64(0.7513395116144308), 'gamma': np.float64(0.25739375624994676), 'lambda': np.float64(1.3932323211830573), 'learning_rate': np.float64(0.19165317719333075), 'max_depth': 5, 'min_child_weight': 2, 'subsample': np.float64(0.7654672916585682)}",0.9875498606644371,0.7229088344303861,0.26464102623405095
